{
  "Delaware": [
    "New Castle County, Delaware"
  ],
  "District of Columbia": [
    "District of Columbia, District of Columbia"
  ],
  "Florida": [
    "Alachua County, Florida",
    "Bay County, Florida",
    "Brevard County, Florida",
    "Broward County, Florida",
    "Collier County, Florida",
    "Duval County, Florida",
    "Escambia County, Florida",
    "Hillsborough County, Florida",
    "Lee County, Florida",
    "Leon County, Florida",
    "Madison County, Florida",
    "Manatee County, Florida",
    "Miami-Dade County, Florida",
    "Monroe County, Florida",
    "Okaloosa County, Florida",
    "Orange County, Florida",
    "Osceola County, Florida",
    "Palm Beach County, Florida",
    "Pasco County, Florida",
    "Pinellas County, Florida",
    "Polk County, Florida",
    "Seminole County, Florida",
    "St. Johns County, Florida",
    "Volusia County, Florida",
    "Walton County, Florida"
  ],
  "Georgia": [
    "Bartow County, Georgia",
    "Bibb County, Georgia",
    "Chatham County, Georgia",
    "Clarke County, Georgia",
    "Clay County, Georgia",
    "Cobb County, Georgia",
    "Columbia County, Georgia",
    "DeKalb County, Georgia",
    "Forsyth County, Georgia",
    "Fulton County, Georgia",
    "Glynn County, Georgia",
    "Gwinnett County, Georgia",
    "Hall County, Georgia",
    "Henry County, Georgia",
    "Houston County, Georgia",
    "Lowndes County, Georgia",
    "Peach County, Georgia",
    "Polk County, Georgia",
    "Richmond County, Georgia",
    "Union County, Georgia"
  ],
  "Hawaii": [
    "Honolulu County, Hawaii",
    "Maui County, Hawaii"
  ],
  "Idaho": [
    "Ada County, Idaho",
    "Bannock County, Idaho",
    "Benewah County, Idaho",
    "Bonner County, Idaho",
    "Bonneville County, Idaho",
    "Clearwater County, Idaho",
    "Kootenai County, Idaho",
    "Latah County, Idaho",
    "Madison County, Idaho",
    "Nez Perce County, Idaho",
    "Shoshone County, Idaho",
    "Valley County, Idaho"
  ],
  "Illinois": [
    "Champaign County, Illinois",
    "Cook County, Illinois",
    "DuPage County, Illinois",
    "Jackson County, Illinois",
    "Lake County, Illinois",
    "Macoupin County, Illinois",
    "Madison County, Illinois",
    "McHenry County, Illinois",
    "McLean County, Illinois",
    "Peoria County, Illinois",
    "Rock Island County, Illinois",
    "Sangamon County, Illinois",
    "St. Clair County, Illinois",
    "Williamson County, Illinois",
    "Winnebago County, Illinois"
  ],
  "Indiana": [
    "Allen County, Indiana",
    "Dearborn County, Indiana",
    "Lawrence County, Indiana",
    "Marion County, Indiana",
    "Monroe County, Indiana",
    "St. Joseph County, Indiana",
    "Tippecanoe County, Indiana",
    "Warrick County, Indiana",
    "Whitley County, Indiana"
  ],
  "Iowa": [
    "Dallas County, Iowa",
    "Des Moines County, Iowa",
    "Johnson County, Iowa",
    "Linn County, Iowa",
    "Muscatine County, Iowa",
    "Polk County, Iowa",
    "Scott County, Iowa",
    "Story County, Iowa"
  ],
  "Kansas": [
    "Douglas County, Kansas",
    "Ellis County, Kansas",
    "Geary County, Kansas",
    "Jackson County, Kansas",
    "Johnson County, Kansas",
    "Labette County, Kansas",
    "Leavenworth County, Kansas",
    "Pottawatomie County, Kansas",
    "Riley County, Kansas",
    "Sedgwick County, Kansas",
    "Shawnee County, Kansas",
    "Wyandotte County, Kansas"
  ],
  "Kentucky": [
    "Ballard County, Kentucky",
    "Christian County, Kentucky",
    "Fayette County, Kentucky",
    "Hardin County, Kentucky",
    "Jefferson County, Kentucky",
    "Meade County, Kentucky",
    "Rowan County, Kentucky",
    "Warren County, Kentucky"
  ],
  "Louisiana": [
    "Caddo Parish, Louisiana",
    "Calcasieu Parish, Louisiana",
    "East Baton Rouge Parish, Louisiana",
    "Jefferson Parish, Louisiana",
    "Orleans Parish, Louisiana",
    "Ouachita Parish, Louisiana",
    "Rapides Parish, Louisiana",
    "St. Tammany Parish, Louisiana"
  ],
  "Maine": [
    "Penobscot County, Maine",
    "Sagadahoc County, Maine",
    "Somerset County, Maine"
  ],
  "Maryland": [
    "Anne Arundel County, Maryland",
    "Baltimore County, Maryland",
    "Baltimore city, Maryland",
    "Calvert County, Maryland",
    "Carroll County, Maryland",
    "Cecil County, Maryland",
    "Charles County, Maryland",
    "Dorchester County, Maryland",
    "Frederick County, Maryland",
    "Harford County, Maryland",
    "Howard County, Maryland",
    "Montgomery County, Maryland",
    "Prince George's County, Maryland",
    "Queen Anne's County, Maryland",
    "St. Mary's County, Maryland",
    "Washington County, Maryland"
  ],
  "Massachusetts": [
    "Barnstable County, Massachusetts",
    "Berkshire County, Massachusetts",
    "Bristol County, Massachusetts",
    "Essex County, Massachusetts",
    "Hampshire County, Massachusetts",
    "Middlesex County, Massachusetts",
    "Norfolk County, Massachusetts",
    "Plymouth County, Massachusetts",
    "Suffolk County, Massachusetts",
    "Worcester County, Massachusetts"
  ],
  "Michigan": [
    "Clinton County, Michigan",
    "Genesee County, Michigan",
    "Houghton County, Michigan",
    "Ingham County, Michigan",
    "Jackson County, Michigan",
    "Kalamazoo County, Michigan",
    "Kent County, Michigan",
    "Livingston County, Michigan",
    "Macomb County, Michigan",
    "Muskegon County, Michigan",
    "Newaygo County, Michigan",
    "Oakland County, Michigan",
    "Ottawa County, Michigan",
    "Washtenaw County, Michigan",
    "Wayne County, Michigan",
    "Wexford County, Michigan"
  ],
  "Minnesota": [
    "Anoka County, Minnesota",
    "Dakota County, Minnesota",
    "Hennepin County, Minnesota",
    "Nicollet County, Minnesota",
    "Olmsted County, Minnesota",
    "Ramsey County, Minnesota",
    "Washington County, Minnesota"
  ],
  "Mississippi": [
    "Forrest County, Mississippi",
    "Hancock County, Mississippi",
    "Hinds County, Mississippi",
    "Jackson County, Mississippi",
    "Lafayette County, Mississippi",
    "Leflore County, Mississippi",
    "Madison County, Mississippi",
    "Oktibbeha County, Mississippi",
    "Rankin County, Mississippi",
    "Scott County, Mississippi",
    "Washington County, Mississippi"
  ],
  "Missouri": [
    "Boone County, Missouri",
    "Clay County, Missouri",
    "Greene County, Missouri",
    "Jackson County, Missouri",
    "Jasper County, Missouri",
    "Johnson County, Missouri",
    "Perry County, Missouri",
    "St. Charles County, Missouri",
    "St. Louis County, Missouri",
    "St. Louis city, Missouri"
  ],
  "Montana": [
    "Cascade County, Montana",
    "Custer County, Montana",
    "Fergus County, Montana",
    "Flathead County, Montana",
    "Gallatin County, Montana",
    "Lake County, Montana",
    "Lewis and Clark County, Montana",
    "Liberty County, Montana",
    "Lincoln County, Montana",
    "Madison County, Montana",
    "Missoula County, Montana"
  ],
  "Nebraska": [
    "Clay County, Nebraska",
    "Douglas County, Nebraska",
    "Lancaster County, Nebraska",
    "Sarpy County, Nebraska",
    "Thurston County, Nebraska"
  ],
  "Nevada": [
    "Clark County, Nevada",
    "Washoe County, Nevada"
  ],
  "New Hampshire": [
    "Grafton County, New Hampshire",
    "Hillsborough County, New Hampshire",
    "Rockingham County, New Hampshire",
    "Strafford County, New Hampshire"
  ],
  "New Jersey": [
    "Atlantic County, New Jersey",
    "Bergen County, New Jersey",
    "Burlington County, New Jersey",
    "Camden County, New Jersey",
    "Essex County, New Jersey",
    "Gloucester County, New Jersey",
    "Hudson County, New Jersey",
    "Mercer County, New Jersey",
    "Middlesex County, New Jersey",
    "Monmouth County, New Jersey",
    "Morris County, New Jersey",
    "Passaic County, New Jersey",
    "Somerset County, New Jersey",
    "Union County, New Jersey"
  ],
  "New Mexico": [
    "Bernalillo County, New Mexico",
    "Do\u00f1a Ana County, New Mexico",
    "Los Alamos County, New Mexico",
    "Otero County, New Mexico",
    "Sandoval County, New Mexico",
    "Santa Fe County, New Mexico",
    "Torrance County, New Mexico"
  ],
  "New York": [
    "Albany County, New York",
    "Allegany County, New York",
    "Bronx County, New York",
    "Broome County, New York",
    "Chautauqua County, New York",
    "Dutchess County, New York",
    "Erie County, New York",
    "Jefferson County, New York",
    "Kings County, New York",
    "Madison County, New York",
    "Monroe County, New York",
    "Nassau County, New York",
    "New York County, New York",
    "Niagara County, New York",
    "Oneida County, New York",
    "Onondaga County, New York",
    "Ontario County, New York",
    "Otsego County, New York",
    "Queens County, New York",
    "Rensselaer County, New York",
    "Rockland County, New York",
    "Saratoga County, New York",
    "Schenectady County, New York",
    "Steuben County, New York",
    "Suffolk County, New York",
    "Tioga County, New York",
    "Tompkins County, New York",
    "Westchester County, New York"
  ],
  "North Carolina": [
    "Carteret County, North Carolina",
    "Chatham County, North Carolina",
    "Cumberland County, North Carolina",
    "Currituck County, North Carolina",
    "Durham County, North Carolina",
    "Forsyth County, North Carolina",
    "Guilford County, North Carolina",
    "Jackson County, North Carolina",
    "Mecklenburg County, North Carolina",
    "New Hanover County, North Carolina",
    "Onslow County, North Carolina",
    "Orange County, North Carolina",
    "Pasquotank County, North Carolina",
    "Robeson County, North Carolina",
    "Union County, North Carolina",
    "Vance County, North Carolina",
    "Wake County, North Carolina",
    "Wayne County, North Carolina"
  ],
  "North Dakota": [
    "Burleigh County, North Dakota",
    "Grand Forks County, North Dakota",
    "McKenzie County, North Dakota",
    "Ward County, North Dakota"
  ],
  "Ohio": [
    "Butler County, Ohio",
    "Champaign County, Ohio",
    "Clermont County, Ohio",
    "Cuyahoga County, Ohio",
    "Defiance County, Ohio",
    "Delaware County, Ohio",
    "Franklin County, Ohio",
    "Fulton County, Ohio",
    "Greene County, Ohio",
    "Hamilton County, Ohio",
    "Lake County, Ohio",
    "Licking County, Ohio",
    "Logan County, Ohio",
    "Lucas County, Ohio",
    "Madison County, Ohio",
    "Medina County, Ohio",
    "Miami County, Ohio",
    "Montgomery County, Ohio",
    "Sandusky County, Ohio",
    "Stark County, Ohio",
    "Summit County, Ohio",
    "Trumbull County, Ohio",
    "Warren County, Ohio",
    "Wood County, Ohio"
  ],
  "Oklahoma": [
    "Adair County, Oklahoma",
    "Cleveland County, Oklahoma",
    "Jackson County, Oklahoma",
    "Logan County, Oklahoma",
    "Mayes County, Oklahoma",
    "Oklahoma County, Oklahoma",
    "Payne County, Oklahoma",
    "Rogers County, Oklahoma",
    "Tulsa County, Oklahoma",
    "Wagoner County, Oklahoma"
  ],
  "Oregon": [
    "Benton County, Oregon",
    "Clackamas County, Oregon",
    "Crook County, Oregon",
    "Curry County, Oregon",
    "Deschutes County, Oregon",
    "Douglas County, Oregon",
    "Jackson County, Oregon",
    "Lane County, Oregon",
    "Linn County, Oregon",
    "Multnomah County, Oregon",
    "Umatilla County, Oregon",
    "Washington County, Oregon"
  ],
  "Pennsylvania": [
    "Adams County, Pennsylvania",
    "Allegheny County, Pennsylvania",
    "Beaver County, Pennsylvania",
    "Bucks County, Pennsylvania",
    "Butler County, Pennsylvania",
    "Cambria County, Pennsylvania",
    "Centre County, Pennsylvania",
    "Chester County, Pennsylvania",
    "Cumberland County, Pennsylvania",
    "Dauphin County, Pennsylvania",
    "Delaware County, Pennsylvania",
    "Erie County, Pennsylvania",
    "Fayette County, Pennsylvania",
    "Franklin County, Pennsylvania",
    "Indiana County, Pennsylvania",
    "Lackawanna County, Pennsylvania",
    "Lancaster County, Pennsylvania",
    "Lehigh County, Pennsylvania",
    "Luzerne County, Pennsylvania",
    "Monroe County, Pennsylvania",
    "Montgomery County, Pennsylvania",
    "Northampton County, Pennsylvania",
    "Philadelphia County, Pennsylvania",
    "York County, Pennsylvania"
  ],
  "Puerto Rico": [
    "Mayag\u00fcez Municipio, Puerto Rico",
    "Toa Baja Municipio, Puerto Rico"
  ],
  "Rhode Island": [
    "Bristol County, Rhode Island",
    "Kent County, Rhode Island",
    "Newport County, Rhode Island",
    "Providence County, Rhode Island",
    "Washington County, Rhode Island"
  ],
  "South Carolina": [
    "Aiken County, South Carolina",
    "Anderson County, South Carolina",
    "Beaufort County, South Carolina",
    "Berkeley County, South Carolina",
    "Charleston County, South Carolina",
    "Dorchester County, South Carolina",
    "Edgefield County, South Carolina",
    "Greenville County, South Carolina",
    "Lexington County, South Carolina",
    "Pickens County, South Carolina",
    "Richland County, South Carolina",
    "Spartanburg County, South Carolina",
    "Sumter County, South Carolina",
    "York County, South Carolina"
  ],
  "South Dakota": [
    "Minnehaha County, South Dakota",
    "Pennington County, South Dakota"
  ],
  "Tennessee": [
    "Anderson County, Tennessee",
    "Blount County, Tennessee",
    "Claiborne County, Tennessee",
    "Coffee County, Tennessee",
    "Davidson County, Tennessee",
    "Gibson County, Tennessee",
    "Hamilton County, Tennessee",
    "Knox County, Tennessee",
    "Montgomery County, Tennessee",
    "Shelby County, Tennessee",
    "Washington County, Tennessee"
  ],
  "Texas": [
    "Austin County, Texas",
    "Bell County, Texas",
    "Bexar County, Texas",
    "Bowie County, Texas",
    "Brazos County, Texas",
    "Collin County, Texas",
    "Colorado County, Texas",
    "Comal County, Texas",
    "Coryell County, Texas",
    "Dallas County, Texas",
    "Denton County, Texas",
    "El Paso County, Texas",
    "Galveston County, Texas",
    "Guadalupe County, Texas",
    "Harris County, Texas",
    "Hays County, Texas",
    "Hunt County, Texas",
    "Kendall County, Texas",
    "Lubbock County, Texas",
    "McLennan County, Texas",
    "Nueces County, Texas",
    "Parker County, Texas",
    "Potter County, Texas",
    "Rockwall County, Texas",
    "Tarrant County, Texas",
    "Tom Green County, Texas",
    "Travis County, Texas",
    "Williamson County, Texas"
  ],
  "Utah": [
    "Box Elder County, Utah",
    "Cache County, Utah",
    "Davis County, Utah",
    "Salt Lake County, Utah",
    "Sanpete County, Utah",
    "Tooele County, Utah",
    "Utah County, Utah",
    "Wasatch County, Utah",
    "Weber County, Utah"
  ],
  "Vermont": [
    "Addison County, Vermont",
    "Chittenden County, Vermont",
    "Orange County, Vermont",
    "Washington County, Vermont",
    "Windsor County, Vermont"
  ],
  "Virginia": [
    "Albemarle County, Virginia",
    "Alexandria city, Virginia",
    "Arlington County, Virginia",
    "Augusta County, Virginia",
    "Charlottesville city, Virginia",
    "Chesapeake city, Virginia",
    "Chesterfield County, Virginia",
    "Fairfax County, Virginia",
    "Fairfax city, Virginia",
    "Falls Church city, Virginia",
    "Fauquier County, Virginia",
    "Fredericksburg city, Virginia",
    "Greene County, Virginia",
    "Hampton city, Virginia",
    "Hanover County, Virginia",
    "Henrico County, Virginia",
    "King George County, Virginia",
    "Lancaster County, Virginia",
    "Loudoun County, Virginia",
    "Lynchburg city, Virginia",
    "Madison County, Virginia",
    "Manassas Park city, Virginia",
    "Manassas city, Virginia",
    "Montgomery County, Virginia",
    "Newport News city, Virginia",
    "Norfolk city, Virginia",
    "Nottoway County, Virginia",
    "Portsmouth city, Virginia",
    "Prince William County, Virginia",
    "Richmond city, Virginia",
    "Roanoke County, Virginia",
    "Roanoke city, Virginia",
    "Smyth County, Virginia",
    "Spotsylvania County, Virginia",
    "Stafford County, Virginia",
    "Suffolk city, Virginia",
    "Virginia Beach city, Virginia",
    "Warren County, Virginia",
    "York County, Virginia"
  ],
  "Washington": [
    "Asotin County, Washington",
    "Benton County, Washington",
    "Clallam County, Washington",
    "Clark County, Washington",
    "Cowlitz County, Washington",
    "Douglas County, Washington",
    "Franklin County, Washington",
    "Grays Harbor County, Washington",
    "Island County, Washington",
    "King County, Washington",
    "Kitsap County, Washington",
    "Klickitat County, Washington",
    "Pierce County, Washington",
    "Snohomish County, Washington",
    "Spokane County, Washington",
    "Stevens County, Washington",
    "Thurston County, Washington",
    "Whatcom County, Washington",
    "Whitman County, Washington",
    "Yakima County, Washington"
  ],
  "West Virginia": [
    "Berkeley County, West Virginia",
    "Cabell County, West Virginia",
    "Harrison County, West Virginia",
    "Kanawha County, West Virginia",
    "Marion County, West Virginia",
    "Mineral County, West Virginia",
    "Monongalia County, West Virginia"
  ],
  "Wisconsin": [
    "Brown County, Wisconsin",
    "Dane County, Wisconsin",
    "La Crosse County, Wisconsin",
    "Marathon County, Wisconsin",
    "Milwaukee County, Wisconsin",
    "Monroe County, Wisconsin",
    "Outagamie County, Wisconsin",
    "Racine County, Wisconsin",
    "Sheboygan County, Wisconsin",
    "Washington County, Wisconsin",
    "Waukesha County, Wisconsin",
    "Winnebago County, Wisconsin",
    "Wood County, Wisconsin"
  ],
  "Wyoming": [
    "Albany County, Wyoming",
    "Big Horn County, Wyoming",
    "Laramie County, Wyoming",
    "Park County, Wyoming",
    "Teton County, Wyoming"
  ]
}